Team,S.No,Player,Nationality,Category,Role,Key Strength,Weakness
Colombo Kaps,1,Ben McDermott,Australia,Star,Explosive Opener/WK,Power hitting top order,Away conditions
Colombo Kaps,2,Kamindu Mendis,Sri Lanka,Star,Middle Order Bat/Spin,360-degree batting,Inconsistent form
Colombo Kaps,3,Jimmy Neesham,New Zealand,Icon,All-Rounder,Bat + seam combo,Injury history
Colombo Kaps,4,Kusal Mendis,Sri Lanka,Icon,WK-Batsman,Aggressive stroke play,Chasing pressure
Colombo Kaps,5,Anthony Arul Pragasam,Sri Lanka,Classic,Batsman,Local knowledge,Limited intl exp
Colombo Kaps,6,Wanuja Sahan,Sri Lanka,Gold,Batsman/WK,Reliable middle order,Lacks big match exp
Colombo Kaps,7,Malsha Tharupathi,Sri Lanka,Emerging U23,All-Rounder,Young talent,Inexperience
Colombo Kaps,8,Sharujan Shanmuganathan,Sri Lanka,Emerging U23,Batsman,Future prospect,Raw talent
Colombo Kaps,9,Kushal Bhurtel,Nepal,Associate Stars,Batsman,Attacking opener,Inconsistent
Colombo Kaps,10,Mohammad Haris,Pakistan,Classic,WK-Batsman,Big hitter,Playing XI uncertainty
Colombo Kaps,11,Hasan Mahmud,Bangladesh,Classic,Fast Bowler,Yorker specialist,Expensive in powerplay
Colombo Kaps,12,Jeffrey Vandersay,Sri Lanka,Classic,Leg-Spin,Wicket taker,Costly in flat pitches
Colombo Kaps,13,Thanuka Dabare,Sri Lanka,Classic,Batsman,Steady lower order,Defensive approach
Colombo Kaps,14,Movin Subasingha,Sri Lanka,Classic,All-Rounder,Utility player,Limited power
Colombo Kaps,15,Shahnawaz Ali Dahani,Pakistan,Gold,Fast Bowler,Raw pace & swing,Expensive spells
Colombo Kaps,16,Sadeera Samarawickrama,Sri Lanka,Gold,WK-Batsman,Anchor + finisher,Middle overs slow
Colombo Kaps,17,Milan Rathnayake,Sri Lanka,Gold,Fast Bowler,Pace variation,Experience gap
Colombo Kaps,18,Janith Liyanage,Sri Lanka,Gold,All-Rounder,Death hitting,Bowling form
Colombo Kaps,19,Mujeeb Ur Rahman,Afghanistan,Platinum,Mystery Spinner,Wicket taker T20 specialist,Batting zero
Colombo Kaps,20,Binura Fernando,Sri Lanka,Platinum,Left-Arm Fast,Swing + pace combo,Injury prone
Galle Gallants,1,Litton Kumar Das,Bangladesh,Star,WK-Batsman,Elegant opener,Spin in middle
Galle Gallants,2,Eshan Malinga,Sri Lanka,Star,Fast Bowler,Pace & reverse swing,Inexperienced intl
Galle Gallants,3,Rassie van der Dussen,South Africa,Icon,Middle Order Bat,Solid anchor,Slow SR in T20
Galle Gallants,4,Dasun Shanaka,Sri Lanka,Icon,All-Rounder/Captain,Leadership + lower order,Inconsistent batting
Galle Gallants,5,Sachindu Colombage,Sri Lanka,Classic,Batsman,Local knowledge,Limited power
Galle Gallants,6,Kasun Rajitha,Sri Lanka,Gold,Fast Bowler,Swing in powerplay,Death bowling leaks
Galle Gallants,7,Dinura Kalupahana,Sri Lanka,Emerging U23,Fast Bowler,Raw pace,Inexperience
Galle Gallants,8,Uri Koththigoda,Sri Lanka,Emerging U23,Batsman,Young talent,Underpressure
Galle Gallants,9,Haider Ali,UAE,Associate Stars,Batsman,Explosive,Inconsistent
Galle Gallants,10,Sam Harper,Australia,Classic,WK-Batsman,Aggressive batting,Away conditions
Galle Gallants,11,Mehidy Hassan Miraz,Bangladesh,Classic,Off-Spin All-Rounder,Bat + spin combo,Pace attack
Galle Gallants,12,Sahan Arachchige,Sri Lanka,Classic,Batsman,Middle order depth,Limited intl
Galle Gallants,13,Chamika Karunarathna,Sri Lanka,Classic,All-Rounder,Dual utility,Batting form
Galle Gallants,14,Tharindu Rathnayake,Sri Lanka,Classic,Bowler,Variation,Limited matches
Galle Gallants,15,Akif Javed,Pakistan,Gold,Fast Bowler,Left-arm pace,Expensive at times
Galle Gallants,16,Pramod Madushan,Sri Lanka,Gold,Fast Bowler,Wicket taking ability,Injury history
Galle Gallants,17,Lasith Croospulle,Sri Lanka,Gold,Batsman,Finisher role,Limited exp
Galle Gallants,18,Vijayakanth Viyaskanth,Sri Lanka,Gold,All-Rounder,Dual role,Consistency
Galle Gallants,19,Muhammad Nawaz,Pakistan,Platinum,Left-Arm Spin All-Rounder,Bat + bowl balance,Pace on slow tracks
Galle Gallants,20,Charith Asalanka,Sri Lanka,Platinum,Batsman,Anchoring + Finishing,Powerplay starts
Jaffna Kings,1,Taskin Ahmed,Bangladesh,Star,Fast Bowler,Top class pace,Expensive powerplay
Jaffna Kings,2,Dunith Wellalage,Sri Lanka,Star,Left-Arm Spin All-Rounder,Spin + bat combo,Big match nerves
Jaffna Kings,3,Shakib Al Hasan,Bangladesh,Icon,All-Rounder,Experience & versatility,Age & fitness
Jaffna Kings,4,Bhanuka Rajapaksa,Sri Lanka,Icon,WK-Batsman,Aggressive opener,Consistency
Jaffna Kings,5,Nishan Madushka,Sri Lanka,Gold,Batsman,Top order depth,Middle over scoring
Jaffna Kings,6,Kugathas Mathulan,Sri Lanka,Emerging U23,Batsman,Young prospect,Raw
Jaffna Kings,7,Praveen Manisha,Sri Lanka,Emerging U23,Bowler,Emerging talent,Limited matches
Jaffna Kings,8,Dipendra Singh Airee,Nepal,Associate Stars,All-Rounder,Hard-hitting,Bowling leaks
Jaffna Kings,9,Sandeep Lamichhane,Nepal,Classic,Leg-Spin,Googly & wickets,Flat pitches
Jaffna Kings,10,Lizaad Williams,South Africa,Classic,Fast Bowler,Death bowling,Costly spells
Jaffna Kings,11,Mohommed Shiraz,Sri Lanka,Classic,Bowler,Local knowledge,Experience gap
Jaffna Kings,12,Chamindu Wickramasinghe,Sri Lanka,Classic,Batsman,Middle order,Big stage jitters
Jaffna Kings,13,Nuwanindu Fernando,Sri Lanka,Classic,Batsman,Steady anchor,Slow SR
Jaffna Kings,14,Ibrahim Zadran,Afghanistan,Gold,Opening Batsman,Composed opener,Away unfamiliarity
Jaffna Kings,15,Dilshan Madushanka,Sri Lanka,Gold,Left-Arm Fast,Swing & seam,Inconsistent
Jaffna Kings,16,Kamil Mishara,Sri Lanka,Gold,WK-Batsman,Middle-lower order,Limited intl
Jaffna Kings,17,Traveen Mathews,Sri Lanka,Gold,All-Rounder,Utility player,Consistency
Jaffna Kings,18,David Wiese,South Africa,Platinum,All-Rounder,Big hitting finisher,Inconsistent bowling
Jaffna Kings,19,Avishka Fernando,Sri Lanka,Platinum,Opening Batsman,Explosive top order,Inconsistency
Dambulla Sixers,1,Reeza Hendricks,South Africa,Star,Opening Batsman,Explosive start,Slow on flat tracks
Dambulla Sixers,2,Dinesh Chandimal,Sri Lanka,Star,WK-Batsman,Experience & anchoring,Slow SR in T20
Dambulla Sixers,3,Sahibzada Farhan,Pakistan,Icon,Opening Batsman,Stylish aggressive start,Away conditions
Dambulla Sixers,4,Dushmantha Chameera,Sri Lanka,Icon,Fast Bowler,Raw pace 145kph+,Injury history
Dambulla Sixers,5,Vishva Lahiru Kumara,Sri Lanka,Emerging U23,Fast Bowler,Pace,Inexperience
Dambulla Sixers,6,Gayana Weerasinghe,Sri Lanka,Emerging U23,All-Rounder,Young talent,Limited exp
Dambulla Sixers,7,Shadley van Schalkwyk,USA,Associate Stars,Batsman,Hard hitter,Bowling limited
Dambulla Sixers,8,Gulbadin Naib,Afghanistan,Classic,All-Rounder,Useful dual role,Expensive
Dambulla Sixers,9,Dian Forrester,South Africa,Classic,All-Rounder,Batting depth,Costly bowling
Dambulla Sixers,10,Dhananjaya Lakshan,Sri Lanka,Classic,Batsman,Middle order,Limited power
Dambulla Sixers,11,Ramesh Mendis,Sri Lanka,Classic,Off-Spin All-Rounder,Spin control,Flat pitch costly
Dambulla Sixers,12,Sachitha Jayathilake,Sri Lanka,Classic,Batsman,Local depth,Limited intl
Dambulla Sixers,13,Mohammad Wasim Jr.,Pakistan,Gold,Fast Bowler,Right pace + yorkers,Expensive at death
Dambulla Sixers,14,Niroshan Dickwella,Sri Lanka,Gold,WK-Batsman,Aggressive opener,Inconsistent
Dambulla Sixers,15,Pavan Rathanayaka,Sri Lanka,Gold,Batsman,Middle order depth,Limited hitting
Dambulla Sixers,16,Akila Dananjaya,Sri Lanka,Gold,Off-Spin,Mystery variations,Gets hit on flat tracks
Dambulla Sixers,17,Fazalhaq Farooqi,Afghanistan,Platinum,Left-Arm Fast,Top wicket-taker T20,Expensive in death
Dambulla Sixers,18,Maheesh Theekshana,Sri Lanka,Platinum,Off-Spin (carrom),Best T20 spinner Sri Lanka,Flat-pitch vulnerability
Kandy Royals,1,Vijay Shankar,India,Star,All-Rounder,Bat + seam balance,Inconsistency
Kandy Royals,2,Angelo Mathews,Sri Lanka,Star,All-Rounder,Experience + reliability,Age & pace
Kandy Royals,3,Moeen Ali,England,Icon,Off-Spin All-Rounder,Big game bat + spin,Pace bowling
Kandy Royals,4,Wanindu Hasaranga,Sri Lanka,Icon,Leg-Spin All-Rounder,World-class wicket taker,Batsmen reading him
Kandy Royals,5,Isitha Wijesundara,Sri Lanka,Classic,Batsman,Batting depth,Limited power
Kandy Royals,6,Dushan Hemantha,Sri Lanka,Gold,All-Rounder,Reliable middle order,Bowling leak
Kandy Royals,7,Sahan Mihira,Sri Lanka,Emerging U23,Batsman,Young talent,Raw
Kandy Royals,8,Deva Pavan Sandesh De Silva,Sri Lanka,Emerging U23,Batsman,Emerging talent,Limited exp
Kandy Royals,9,Brandon McMullen,Scotland,Associate Stars,All-Rounder,Utility,Limited high pressure
Kandy Royals,10,Dale Phillips,New Zealand,Classic,All-Rounder,Pace + bat,Away conditions
Kandy Royals,11,Zahir Khan,Afghanistan,Classic,Left-Arm Wrist-Spin,Googly & turn,Expensive
Kandy Royals,12,Vishen Halambage,Sri Lanka,Classic,Batsman,Local knowledge,Limited intl
Kandy Royals,13,Muditha Lakshan,Sri Lanka,Classic,Batsman,Middle order,Limited big shots
Kandy Royals,14,Lahiru Udara,Sri Lanka,Classic,Batsman,Anchor,Slow SR
Kandy Royals,15,Daniel Sams,Australia,Gold,All-Rounder,Death batting + bowling,Inconsistent bowling
Kandy Royals,16,Kusal Perera,Sri Lanka,Gold,WK-Batsman,Explosive innings,Inconsistent
Kandy Royals,17,Asitha Fernando,Sri Lanka,Gold,Fast Bowler,Right-arm pace,Consistency
Kandy Royals,18,Garuka Sanketh,Sri Lanka,Gold,All-Rounder,Batting depth,Limited intl
Kandy Royals,19,Rahmanullah Gurbaz,Afghanistan,Platinum,WK-Batsman,Explosive opener world class,Spin on turning tracks
Kandy Royals,20,Nuwan Thushara,Sri Lanka,Platinum,Fast Bowler,Top pace + swing,Injury history
